date,city,rainfall_mm,extreme_weather_flag,weather_risk_score
2024-06-14,Jaipur,19.5,0,0.2
2024-10-18,Indore,11.4,0,0.11
2024-10-28,Jaipur,63.8,1,0.64
2024-07-07,Coimbatore,10.1,0,0.1
2024-07-24,Pune,2.0,0,0.02
2024-06-09,Coimbatore,8.9,0,0.09
2024-09-23,Bhubaneswar,7.7,0,0.08
2024-08-08,Indore,3.6,0,0.04
2024-07-19,Bhubaneswar,1.5,0,0.01
2024-07-21,Bhubaneswar,31.3,0,0.31
2024-07-02,Pune,147.2,1,1.0
2024-11-08,Pune,7.6,0,0.08
2024-10-10,Surat,24.0,0,0.24
2024-10-15,Bhubaneswar,39.2,0,0.39
2024-09-02,Coimbatore,5.3,0,0.05
2024-11-10,Vadodara,24.2,0,0.24
2024-06-22,Ahmedabad,6.2,0,0.06
2024-09-01,Mumbai,13.0,0,0.13
2024-10-03,Pune,29.3,0,0.29
2024-11-08,Surat,39.3,0,0.39
2024-08-08,Indore,14.0,0,0.14
2024-07-27,Nagpur,39.7,0,0.4
2024-06-26,Nagpur,9.5,0,0.1
2024-10-13,Kolkata,0.8,0,0.01
2024-11-12,Ahmedabad,12.5,0,0.12
2024-09-04,Pune,22.2,0,0.22
2024-11-23,Ahmedabad,22.2,0,0.22
2024-06-30,Pune,135.0,1,1.0
2024-09-16,Nagpur,17.1,0,0.17
2024-11-16,Kolkata,18.1,0,0.18
2024-10-17,Vadodara,40.8,0,0.41
2024-11-15,Indore,131.1,1,1.0
2024-09-07,Pune,14.9,0,0.15
2024-09-03,Coimbatore,41.1,0,0.41
2024-11-28,Hyderabad,22.8,0,0.23
2024-08-18,Delhi,31.1,0,0.31
2024-11-24,Coimbatore,18.7,0,0.19
2024-06-25,Mumbai,3.9,0,0.04
2024-10-04,Delhi,15.5,0,0.15
2024-11-26,Pune,16.2,0,0.16
2024-07-27,Surat,10.7,0,0.11
2024-11-06,Nagpur,1.0,0,0.01
2024-07-11,Pune,9.0,0,0.09
2024-08-14,Vadodara,17.3,0,0.17
2024-08-22,Indore,40.6,0,0.41
2024-07-08,Bhubaneswar,13.4,0,0.13
2024-09-24,Pune,8.5,0,0.09
2024-11-13,Bhubaneswar,15.2,0,0.15
2024-09-18,Kolkata,3.7,0,0.04
2024-10-14,Surat,27.7,0,0.28
2024-11-05,Delhi,1.1,0,0.01
2024-08-07,Bhubaneswar,53.2,0,0.53
2024-07-04,Jaipur,16.9,0,0.17
2024-10-21,Surat,31.5,0,0.32
2024-11-10,Bhubaneswar,4.4,0,0.04
2024-10-25,Ahmedabad,23.9,0,0.24
2024-07-27,Indore,16.6,0,0.17
2024-09-25,Kolkata,28.8,0,0.29
2024-11-03,Kolkata,7.2,0,0.07
2024-11-21,Nagpur,13.3,0,0.13
2024-10-11,Pune,30.4,0,0.3
2024-07-26,Hyderabad,13.1,0,0.13
2024-07-25,Pune,25.5,0,0.26
2024-11-25,Chennai,1.5,0,0.01
2024-06-06,Delhi,9.7,0,0.1
2024-07-13,Bhubaneswar,4.2,0,0.04
2024-10-31,Chennai,33.9,0,0.34
2024-09-04,Surat,22.8,0,0.23
2024-10-27,Ahmedabad,11.6,0,0.12
2024-11-20,Hyderabad,9.9,0,0.1
2024-08-28,Vadodara,7.3,0,0.07
2024-09-01,Ahmedabad,4.2,0,0.04
2024-06-21,Ahmedabad,4.4,0,0.04
2024-11-23,Pune,2.5,0,0.03
2024-06-08,Jaipur,1.9,0,0.02
2024-08-24,Mumbai,36.4,0,0.36
2024-09-10,Indore,71.6,1,0.72
2024-09-20,Vadodara,13.3,0,0.13
2024-11-14,Jaipur,25.6,0,0.26
2024-09-12,Surat,7.9,0,0.08
2024-11-19,Pune,12.8,0,0.13
2024-06-10,Ahmedabad,58.9,0,0.59
2024-11-13,Vadodara,15.1,0,0.15
2024-07-28,Nagpur,16.8,0,0.17
2024-10-05,Coimbatore,32.0,0,0.32
2024-09-29,Vadodara,30.8,0,0.31
2024-08-16,Chennai,5.2,0,0.05
2024-10-24,Hyderabad,28.9,0,0.29
2024-11-21,Kolkata,12.2,0,0.12
2024-09-18,Surat,9.8,0,0.1
2024-07-07,Bhubaneswar,10.2,0,0.1
2024-10-28,Surat,10.1,0,0.1
2024-11-05,Delhi,1.5,0,0.01
2024-06-01,Chennai,56.4,0,0.56
2024-10-14,Bhubaneswar,47.5,0,0.47
2024-07-18,Delhi,31.3,0,0.31
2024-07-08,Coimbatore,13.0,0,0.13
2024-09-29,Hyderabad,14.3,0,0.14
2024-07-14,Vadodara,18.1,0,0.18
2024-06-27,Mumbai,8.8,0,0.09
2024-08-30,Delhi,6.2,0,0.06
2024-09-11,Kolkata,96.3,1,0.96
2024-11-21,Bhubaneswar,11.6,0,0.12
2024-08-15,Nagpur,29.8,0,0.3
2024-10-25,Bhubaneswar,8.3,0,0.08
2024-09-15,Pune,44.9,0,0.45
2024-10-31,Bhubaneswar,2.9,0,0.03
2024-08-05,Kolkata,24.7,0,0.25
2024-08-26,Kolkata,14.1,0,0.14
2024-08-13,Kolkata,8.8,0,0.09
2024-07-22,Indore,46.5,0,0.47
2024-10-23,Surat,5.8,0,0.06
2024-08-22,Delhi,17.1,0,0.17
2024-08-13,Ahmedabad,1.9,0,0.02
2024-09-01,Vadodara,13.9,0,0.14
2024-11-17,Vadodara,24.3,0,0.24
2024-09-03,Pune,9.4,0,0.09
2024-06-20,Bhubaneswar,4.2,0,0.04
2024-06-15,Nagpur,38.4,0,0.38
2024-10-04,Surat,51.1,0,0.51
2024-06-09,Bhubaneswar,20.8,0,0.21
2024-07-09,Indore,4.8,0,0.05
2024-06-24,Jaipur,28.6,0,0.29
2024-11-17,Indore,0.8,0,0.01
2024-09-28,Mumbai,5.2,0,0.05
2024-09-06,Bhubaneswar,4.5,0,0.04
2024-09-05,Pune,29.7,0,0.3
2024-11-22,Bhubaneswar,8.5,0,0.09
2024-07-13,Jaipur,26.0,0,0.26
2024-09-08,Delhi,4.2,0,0.04
2024-09-27,Pune,32.7,0,0.33
2024-11-28,Bhubaneswar,18.3,0,0.18
2024-07-18,Hyderabad,94.5,1,0.94
2024-07-23,Mumbai,15.3,0,0.15
2024-10-08,Coimbatore,30.8,0,0.31
2024-08-08,Nagpur,0.2,0,0.0
2024-07-25,Kolkata,5.2,0,0.05
2024-06-17,Kolkata,8.2,0,0.08
2024-11-18,Vadodara,2.7,0,0.03
2024-06-02,Vadodara,55.2,0,0.55
2024-06-25,Ahmedabad,16.4,0,0.16
2024-07-02,Kolkata,20.1,0,0.2
2024-11-02,Indore,8.8,0,0.09
2024-08-17,Indore,52.5,0,0.53
2024-10-11,Surat,39.1,0,0.39
2024-09-10,Vadodara,1.1,0,0.01
2024-06-06,Jaipur,2.5,0,0.03
2024-09-22,Jaipur,2.4,0,0.02
2024-07-10,Bhubaneswar,13.6,0,0.14
2024-08-19,Vadodara,3.9,0,0.04
2024-09-23,Coimbatore,34.0,0,0.34
2024-10-21,Ahmedabad,1.6,0,0.02
2024-11-08,Kolkata,3.2,0,0.03
2024-07-21,Jaipur,33.0,0,0.33
2024-09-29,Pune,20.7,0,0.21
2024-08-31,Surat,3.3,0,0.03
2024-09-01,Kolkata,38.5,0,0.39
2024-08-11,Pune,15.5,0,0.15
2024-10-02,Chennai,11.0,0,0.11
2024-06-15,Vadodara,66.9,1,0.67
2024-11-05,Ahmedabad,34.0,0,0.34
2024-06-06,Pune,22.6,0,0.23
2024-07-21,Kolkata,38.4,0,0.38
2024-06-25,Nagpur,28.3,0,0.28
2024-08-14,Vadodara,29.3,0,0.29
2024-11-16,Ahmedabad,160.5,1,1.0
2024-09-02,Pune,2.6,0,0.03
2024-10-22,Pune,49.6,0,0.5
2024-06-04,Chennai,22.7,0,0.23
2024-08-29,Coimbatore,9.6,0,0.1
2024-10-04,Ahmedabad,14.6,0,0.15
2024-08-03,Hyderabad,25.8,0,0.26
2024-08-09,Jaipur,8.2,0,0.08
2024-09-20,Vadodara,68.5,1,0.69
2024-08-16,Kolkata,0.0,0,0.0
2024-10-05,Coimbatore,18.0,0,0.18
2024-07-25,Ahmedabad,16.5,0,0.17
2024-07-30,Jaipur,9.9,0,0.1
2024-09-21,Surat,12.2,0,0.12
2024-10-19,Ahmedabad,2.2,0,0.02
2024-08-23,Indore,9.1,0,0.09
2024-10-07,Mumbai,66.1,1,0.66
2024-06-08,Kolkata,15.3,0,0.15
2024-08-24,Pune,2.3,0,0.02
2024-09-20,Vadodara,16.5,0,0.17
2024-06-23,Delhi,1.5,0,0.01
2024-07-19,Surat,0.4,0,0.0
2024-10-17,Nagpur,0.5,0,0.01
2024-08-17,Ahmedabad,10.3,0,0.1
2024-09-24,Jaipur,14.8,0,0.15
2024-06-24,Nagpur,20.0,0,0.2
2024-10-14,Kolkata,24.0,0,0.24
2024-10-17,Ahmedabad,2.6,0,0.03
2024-07-31,Surat,6.2,0,0.06
2024-08-10,Nagpur,2.9,0,0.03
2024-08-07,Bhubaneswar,4.2,0,0.04
2024-06-12,Delhi,16.6,0,0.17
2024-09-12,Kolkata,3.9,0,0.04
2024-08-21,Surat,54.8,0,0.55
2024-07-25,Kolkata,2.2,0,0.02
2024-06-11,Surat,6.6,0,0.07
2024-07-11,Vadodara,8.6,0,0.09
2024-08-22,Jaipur,2.9,0,0.03
2024-07-09,Indore,15.0,0,0.15
2024-06-12,Bhubaneswar,3.0,0,0.03
2024-10-25,Surat,9.1,0,0.09
2024-10-30,Pune,9.1,0,0.09
2024-11-20,Hyderabad,7.9,0,0.08
2024-08-11,Vadodara,5.2,0,0.05
2024-11-03,Vadodara,3.6,0,0.04
2024-07-13,Pune,15.5,0,0.15
2024-07-27,Coimbatore,7.2,0,0.07
2024-07-30,Coimbatore,34.6,0,0.35
2024-08-04,Delhi,1.5,0,0.01
2024-09-12,Surat,32.0,0,0.32
2024-08-24,Kolkata,12.1,0,0.12
2024-06-29,Mumbai,5.0,0,0.05
2024-06-27,Mumbai,0.1,0,0.0
2024-08-31,Pune,4.3,0,0.04
2024-06-09,Vadodara,16.3,0,0.16
2024-07-31,Hyderabad,1.8,0,0.02
2024-09-24,Surat,5.2,0,0.05
2024-06-02,Chennai,11.4,0,0.11
2024-10-18,Surat,6.7,0,0.07
2024-07-24,Indore,23.6,0,0.24
2024-08-19,Delhi,2.1,0,0.02
2024-11-07,Vadodara,28.0,0,0.28
2024-09-06,Coimbatore,21.7,0,0.22
2024-06-01,Vadodara,9.8,0,0.1
2024-10-29,Coimbatore,9.2,0,0.09
2024-06-16,Ahmedabad,8.2,0,0.08
2024-10-01,Bhubaneswar,5.3,0,0.05
2024-08-06,Vadodara,14.7,0,0.15
2024-08-10,Nagpur,28.7,0,0.29
2024-09-19,Nagpur,52.5,0,0.53
2024-10-28,Jaipur,43.2,0,0.43
2024-11-16,Chennai,24.7,0,0.25
2024-06-21,Jaipur,0.6,0,0.01
2024-06-21,Vadodara,15.2,0,0.15
2024-07-16,Mumbai,30.9,0,0.31
2024-08-26,Chennai,30.9,0,0.31
2024-07-31,Indore,26.5,0,0.27
2024-10-26,Jaipur,31.8,0,0.32
2024-11-22,Hyderabad,13.0,0,0.13
2024-11-26,Vadodara,11.9,0,0.12
2024-08-29,Delhi,9.0,0,0.09
2024-09-13,Surat,14.1,0,0.14
2024-10-07,Jaipur,1.8,0,0.02
2024-11-27,Jaipur,30.3,0,0.3
2024-11-11,Chennai,11.2,0,0.11
2024-11-11,Kolkata,10.6,0,0.11
2024-06-11,Indore,20.4,0,0.2
2024-08-17,Ahmedabad,33.5,0,0.34
2024-08-20,Chennai,13.3,0,0.13
2024-11-02,Surat,34.4,0,0.34
2024-07-26,Bhubaneswar,14.5,0,0.14
2024-09-04,Bhubaneswar,14.9,0,0.15
2024-10-18,Mumbai,8.2,0,0.08
2024-11-17,Vadodara,18.5,0,0.18
2024-06-01,Vadodara,12.7,0,0.13
2024-07-28,Chennai,51.2,0,0.51
2024-08-20,Surat,0.2,0,0.0
2024-06-01,Delhi,0.6,0,0.01
2024-06-07,Ahmedabad,23.0,0,0.23
2024-10-29,Mumbai,47.7,0,0.48
2024-10-02,Delhi,12.5,0,0.12
2024-10-11,Bhubaneswar,0.5,0,0.01
2024-06-28,Indore,26.1,0,0.26
2024-06-18,Indore,11.8,0,0.12
2024-08-15,Mumbai,3.5,0,0.04
2024-08-30,Ahmedabad,8.8,0,0.09
2024-09-28,Hyderabad,2.2,0,0.02
2024-10-17,Chennai,65.2,1,0.65
2024-09-04,Chennai,4.3,0,0.04
2024-06-15,Surat,4.7,0,0.05
2024-11-15,Vadodara,27.2,0,0.27
2024-06-24,Ahmedabad,6.6,0,0.07
2024-08-15,Kolkata,12.0,0,0.12
2024-10-24,Kolkata,18.8,0,0.19
2024-10-27,Ahmedabad,1.0,0,0.01
2024-07-19,Chennai,12.5,0,0.12
2024-11-08,Vadodara,23.2,0,0.23
2024-09-04,Ahmedabad,7.3,0,0.07
2024-08-31,Indore,7.6,0,0.08
2024-07-01,Delhi,53.4,0,0.53
2024-06-25,Kolkata,13.0,0,0.13
2024-10-30,Pune,31.4,0,0.31
2024-10-26,Bhubaneswar,59.1,0,0.59
2024-10-15,Vadodara,16.6,0,0.17
2024-06-21,Nagpur,9.2,0,0.09
2024-09-19,Surat,11.9,0,0.12
2024-11-17,Ahmedabad,21.3,0,0.21
2024-06-20,Nagpur,19.1,0,0.19
2024-06-02,Nagpur,7.4,0,0.07
2024-06-03,Surat,10.2,0,0.1
2024-08-19,Pune,7.8,0,0.08
2024-07-08,Kolkata,15.3,0,0.15
2024-07-23,Kolkata,114.3,1,1.0
2024-07-12,Jaipur,37.5,0,0.38
2024-10-21,Ahmedabad,22.6,0,0.23
2024-09-02,Jaipur,41.8,0,0.42
2024-10-04,Indore,18.6,0,0.19
2024-06-26,Jaipur,43.6,0,0.44
2024-09-17,Kolkata,14.6,0,0.15
2024-07-10,Chennai,111.0,1,1.0
2024-07-27,Kolkata,41.4,0,0.41
2024-07-06,Bhubaneswar,13.6,0,0.14
2024-07-20,Chennai,19.0,0,0.19
2024-10-26,Coimbatore,15.4,0,0.15
2024-07-12,Delhi,46.2,0,0.46
2024-06-11,Mumbai,38.3,0,0.38
2024-08-07,Kolkata,38.2,0,0.38
2024-11-18,Indore,7.7,0,0.08
2024-07-25,Indore,10.3,0,0.1
2024-11-21,Nagpur,21.8,0,0.22
2024-09-29,Chennai,4.2,0,0.04
2024-09-01,Nagpur,16.0,0,0.16
2024-10-21,Surat,11.3,0,0.11
2024-09-07,Delhi,20.3,0,0.2
2024-09-23,Mumbai,11.0,0,0.11
2024-10-17,Coimbatore,0.5,0,0.01
2024-09-08,Indore,13.5,0,0.14
2024-06-28,Vadodara,1.9,0,0.02
2024-11-24,Chennai,8.7,0,0.09
2024-09-15,Mumbai,7.6,0,0.08
2024-07-04,Ahmedabad,3.2,0,0.03
2024-06-09,Jaipur,36.1,0,0.36
2024-07-29,Pune,5.3,0,0.05
2024-09-08,Indore,39.3,0,0.39
2024-09-03,Kolkata,35.3,0,0.35
2024-09-18,Chennai,45.5,0,0.46
2024-10-04,Delhi,89.4,1,0.89
2024-06-24,Pune,10.6,0,0.11
2024-06-29,Mumbai,4.1,0,0.04
2024-10-20,Chennai,40.7,0,0.41
2024-06-13,Vadodara,33.8,0,0.34
2024-11-12,Hyderabad,7.6,0,0.08
2024-10-17,Chennai,3.5,0,0.04
2024-07-02,Chennai,43.1,0,0.43
2024-07-04,Pune,53.0,0,0.53
2024-11-19,Hyderabad,22.9,0,0.23
2024-11-13,Jaipur,94.8,1,0.95
2024-07-29,Ahmedabad,7.8,0,0.08
2024-11-21,Hyderabad,20.1,0,0.2
2024-11-03,Kolkata,15.8,0,0.16
2024-07-21,Bhubaneswar,8.3,0,0.08
2024-07-17,Indore,8.0,0,0.08
2024-08-31,Delhi,94.4,1,0.94
2024-10-09,Kolkata,128.7,1,1.0
2024-10-05,Ahmedabad,36.1,0,0.36
2024-07-05,Kolkata,11.8,0,0.12
2024-09-18,Indore,8.2,0,0.08
2024-07-09,Ahmedabad,42.9,0,0.43
2024-06-30,Bhubaneswar,38.7,0,0.39
2024-08-12,Ahmedabad,92.2,1,0.92
2024-11-17,Hyderabad,41.3,0,0.41
2024-11-01,Delhi,1.0,0,0.01
2024-10-21,Vadodara,0.7,0,0.01
2024-11-24,Pune,3.4,0,0.03
2024-11-27,Surat,28.9,0,0.29
2024-06-27,Kolkata,6.3,0,0.06
2024-06-06,Hyderabad,12.9,0,0.13
2024-11-28,Kolkata,21.6,0,0.22
2024-11-10,Vadodara,9.9,0,0.1
2024-10-25,Chennai,104.8,1,1.0
2024-09-12,Ahmedabad,10.0,0,0.1
2024-10-19,Hyderabad,9.8,0,0.1
2024-08-13,Indore,5.9,0,0.06
2024-06-08,Delhi,12.4,0,0.12
2024-07-12,Delhi,1.8,0,0.02
2024-06-17,Chennai,19.5,0,0.2
2024-06-13,Mumbai,89.5,1,0.9
2024-07-26,Hyderabad,11.5,0,0.12
2024-09-17,Ahmedabad,0.3,0,0.0
2024-10-11,Indore,10.4,0,0.1
2024-09-12,Chennai,5.9,0,0.06
2024-08-10,Ahmedabad,0.5,0,0.01
2024-06-27,Ahmedabad,0.0,0,0.0
2024-10-21,Jaipur,2.2,0,0.02
2024-06-04,Ahmedabad,17.5,0,0.17
2024-08-05,Coimbatore,12.2,0,0.12
2024-09-13,Jaipur,47.0,0,0.47
2024-06-11,Hyderabad,2.1,0,0.02
2024-11-27,Surat,38.6,0,0.39
2024-11-25,Chennai,7.8,0,0.08
2024-10-06,Kolkata,26.6,0,0.27
2024-08-05,Chennai,3.7,0,0.04
2024-10-20,Indore,41.8,0,0.42
2024-07-31,Hyderabad,26.0,0,0.26
2024-09-17,Coimbatore,19.0,0,0.19
2024-08-23,Kolkata,6.1,0,0.06
2024-08-11,Coimbatore,4.6,0,0.05
2024-08-30,Kolkata,13.5,0,0.14
2024-09-12,Indore,56.9,0,0.57
2024-10-30,Indore,2.3,0,0.02
2024-08-25,Pune,11.8,0,0.12
2024-10-07,Hyderabad,8.5,0,0.09
2024-09-14,Indore,4.9,0,0.05
2024-07-04,Hyderabad,19.2,0,0.19
2024-09-25,Jaipur,35.2,0,0.35
2024-08-27,Coimbatore,37.2,0,0.37
2024-09-19,Vadodara,40.4,0,0.4
2024-10-21,Kolkata,0.1,0,0.0
2024-11-23,Bhubaneswar,8.9,0,0.09
2024-11-11,Kolkata,46.3,0,0.46
2024-08-29,Surat,4.0,0,0.04
2024-11-15,Kolkata,41.1,0,0.41
2024-10-03,Indore,10.8,0,0.11
2024-07-07,Coimbatore,18.5,0,0.18
2024-08-10,Kolkata,2.7,0,0.03
2024-08-18,Chennai,0.1,0,0.0
2024-11-18,Mumbai,29.7,0,0.3
2024-11-16,Kolkata,0.4,0,0.0
2024-08-14,Indore,26.8,0,0.27
2024-08-31,Kolkata,4.7,0,0.05
2024-11-14,Nagpur,7.5,0,0.07
2024-09-19,Nagpur,13.9,0,0.14
2024-08-20,Mumbai,2.7,0,0.03
2024-07-19,Hyderabad,16.0,0,0.16
2024-11-08,Pune,15.9,0,0.16
2024-08-13,Surat,6.3,0,0.06
2024-09-12,Nagpur,4.8,0,0.05
2024-09-08,Ahmedabad,20.0,0,0.2
2024-06-22,Kolkata,17.5,0,0.17
2024-08-28,Kolkata,49.7,0,0.5
2024-06-12,Bhubaneswar,3.5,0,0.04
2024-09-09,Chennai,2.6,0,0.03
2024-08-13,Hyderabad,7.6,0,0.08
2024-07-06,Nagpur,3.0,0,0.03
2024-11-09,Surat,62.7,1,0.63
2024-07-02,Vadodara,7.1,0,0.07
2024-08-15,Nagpur,79.7,1,0.8
2024-09-05,Pune,8.5,0,0.09
2024-08-21,Surat,55.1,0,0.55
2024-06-04,Kolkata,1.7,0,0.02
2024-11-23,Mumbai,11.8,0,0.12
2024-07-04,Vadodara,25.1,0,0.25
2024-09-23,Kolkata,5.9,0,0.06
2024-06-22,Vadodara,81.8,1,0.82
2024-09-08,Chennai,56.4,0,0.56
2024-07-06,Vadodara,13.3,0,0.13
2024-10-17,Ahmedabad,28.6,0,0.29
2024-09-20,Vadodara,42.1,0,0.42
2024-07-19,Indore,24.5,0,0.24
2024-10-31,Coimbatore,2.9,0,0.03
2024-07-03,Surat,10.2,0,0.1
2024-09-11,Coimbatore,5.9,0,0.06
2024-10-31,Surat,10.6,0,0.11
2024-11-20,Pune,9.7,0,0.1
2024-10-02,Vadodara,17.9,0,0.18
2024-06-12,Pune,12.5,0,0.12
2024-09-10,Chennai,25.0,0,0.25
2024-09-05,Delhi,35.5,0,0.35
2024-10-06,Mumbai,5.7,0,0.06
2024-10-04,Jaipur,38.9,0,0.39
2024-11-23,Hyderabad,1.8,0,0.02
2024-06-12,Coimbatore,1.1,0,0.01
2024-06-17,Mumbai,12.3,0,0.12
2024-10-06,Delhi,4.0,0,0.04
2024-07-23,Mumbai,9.1,0,0.09
2024-07-08,Chennai,4.6,0,0.05
2024-07-08,Delhi,11.1,0,0.11
2024-07-16,Coimbatore,20.0,0,0.2
2024-08-27,Bhubaneswar,16.6,0,0.17
2024-08-27,Mumbai,1.7,0,0.02
2024-09-08,Hyderabad,42.4,0,0.42
2024-06-09,Hyderabad,3.1,0,0.03
2024-10-12,Indore,4.9,0,0.05
2024-10-12,Delhi,4.9,0,0.05
2024-11-06,Hyderabad,19.0,0,0.19
2024-11-01,Coimbatore,69.3,1,0.69
2024-06-17,Vadodara,11.1,0,0.11
2024-07-17,Nagpur,27.9,0,0.28
2024-09-01,Chennai,6.9,0,0.07
2024-06-15,Hyderabad,54.4,0,0.54
2024-07-09,Delhi,4.0,0,0.04
2024-11-08,Indore,12.8,0,0.13
2024-07-29,Delhi,6.3,0,0.06
2024-07-21,Delhi,2.2,0,0.02
2024-06-23,Ahmedabad,40.9,0,0.41
2024-07-01,Bhubaneswar,0.4,0,0.0
2024-08-09,Surat,4.1,0,0.04
2024-09-14,Delhi,8.4,0,0.08
2024-08-24,Indore,20.5,0,0.2
2024-11-07,Kolkata,9.5,0,0.1
2024-08-13,Bhubaneswar,1.3,0,0.01
2024-07-09,Pune,0.0,0,0.0
2024-07-09,Bhubaneswar,0.9,0,0.01
2024-07-02,Mumbai,16.4,0,0.16
2024-11-02,Indore,25.0,0,0.25
2024-07-08,Chennai,51.1,0,0.51
2024-08-09,Kolkata,24.7,0,0.25
2024-07-28,Coimbatore,21.5,0,0.21
2024-06-28,Jaipur,5.9,0,0.06
2024-08-10,Ahmedabad,17.9,0,0.18
2024-11-12,Jaipur,44.8,0,0.45
2024-06-20,Ahmedabad,16.5,0,0.17
2024-06-08,Coimbatore,24.6,0,0.25
2024-10-16,Ahmedabad,14.5,0,0.14
2024-10-03,Ahmedabad,21.0,0,0.21
2024-07-27,Surat,56.5,0,0.56
2024-11-25,Coimbatore,13.5,0,0.14
2024-07-21,Ahmedabad,17.9,0,0.18
2024-11-10,Pune,10.3,0,0.1
2024-10-02,Nagpur,30.5,0,0.3
2024-10-18,Kolkata,7.4,0,0.07
2024-11-24,Mumbai,14.9,0,0.15
2024-08-17,Hyderabad,21.2,0,0.21
2024-07-09,Indore,7.8,0,0.08
2024-06-30,Chennai,20.8,0,0.21
2024-10-14,Vadodara,25.7,0,0.26
2024-07-29,Mumbai,9.5,0,0.1
2024-07-26,Chennai,26.9,0,0.27
2024-11-07,Nagpur,12.3,0,0.12
2024-11-22,Kolkata,20.9,0,0.21
2024-10-11,Jaipur,91.3,1,0.91
2024-10-07,Chennai,4.5,0,0.04
2024-11-15,Chennai,26.9,0,0.27
2024-06-11,Indore,26.8,0,0.27
2024-11-22,Ahmedabad,1.3,0,0.01
2024-09-07,Kolkata,14.2,0,0.14
2024-08-19,Mumbai,51.1,0,0.51
2024-09-13,Mumbai,0.8,0,0.01
2024-09-27,Delhi,13.2,0,0.13
2024-11-05,Surat,26.2,0,0.26
2024-09-20,Ahmedabad,45.7,0,0.46
2024-07-26,Ahmedabad,12.7,0,0.13
2024-08-25,Pune,5.9,0,0.06
2024-10-08,Delhi,16.0,0,0.16
2024-09-24,Nagpur,0.5,0,0.01
2024-08-28,Coimbatore,13.6,0,0.14
2024-07-03,Hyderabad,18.2,0,0.18
2024-07-25,Vadodara,11.2,0,0.11
2024-11-27,Ahmedabad,52.8,0,0.53
2024-10-07,Coimbatore,2.3,0,0.02
2024-10-15,Surat,12.5,0,0.12
2024-07-21,Mumbai,27.9,0,0.28
2024-10-05,Jaipur,44.6,0,0.45
2024-11-08,Hyderabad,33.8,0,0.34
2024-08-20,Mumbai,67.5,1,0.68
2024-08-15,Coimbatore,14.7,0,0.15
2024-07-18,Jaipur,11.4,0,0.11
2024-11-11,Mumbai,23.4,0,0.23
2024-07-22,Delhi,19.4,0,0.19
2024-06-30,Delhi,6.4,0,0.06
2024-09-28,Chennai,3.9,0,0.04
2024-11-21,Surat,19.8,0,0.2
2024-07-18,Surat,16.3,0,0.16
2024-06-07,Surat,42.0,0,0.42
2024-06-12,Delhi,7.2,0,0.07
2024-08-04,Bhubaneswar,6.2,0,0.06
2024-09-02,Delhi,0.6,0,0.01
2024-10-20,Bhubaneswar,7.2,0,0.07
2024-10-13,Jaipur,11.3,0,0.11
2024-10-09,Mumbai,1.8,0,0.02
2024-07-11,Nagpur,66.8,1,0.67
2024-08-07,Indore,18.2,0,0.18
2024-09-10,Nagpur,22.7,0,0.23
2024-09-20,Nagpur,7.5,0,0.07
2024-09-05,Vadodara,24.4,0,0.24
2024-06-12,Jaipur,30.2,0,0.3
2024-07-03,Surat,39.7,0,0.4
2024-10-18,Surat,62.5,1,0.62
2024-08-16,Nagpur,9.6,0,0.1
2024-11-28,Delhi,0.3,0,0.0
2024-10-07,Jaipur,10.4,0,0.1
2024-06-21,Nagpur,19.1,0,0.19
2024-11-18,Jaipur,4.6,0,0.05
2024-06-15,Mumbai,11.3,0,0.11
2024-09-29,Pune,31.4,0,0.31
2024-07-24,Delhi,7.7,0,0.08
2024-11-23,Chennai,2.9,0,0.03
2024-07-26,Hyderabad,9.6,0,0.1
2024-09-08,Jaipur,12.1,0,0.12
2024-09-01,Surat,51.6,0,0.52
2024-07-19,Kolkata,42.9,0,0.43
2024-09-04,Chennai,14.0,0,0.14
2024-07-05,Ahmedabad,5.7,0,0.06
2024-07-03,Vadodara,10.5,0,0.1
2024-11-16,Chennai,15.0,0,0.15
2024-06-09,Pune,4.6,0,0.05
2024-08-15,Nagpur,11.4,0,0.11
2024-06-22,Jaipur,5.2,0,0.05
2024-08-07,Coimbatore,1.9,0,0.02
2024-06-01,Bhubaneswar,8.2,0,0.08
2024-07-02,Pune,34.7,0,0.35
2024-09-08,Indore,7.2,0,0.07
2024-08-11,Chennai,7.6,0,0.08
2024-08-31,Coimbatore,6.7,0,0.07
2024-10-30,Mumbai,16.1,0,0.16
2024-10-31,Ahmedabad,3.1,0,0.03
2024-08-18,Vadodara,19.4,0,0.19
2024-09-27,Delhi,12.9,0,0.13
2024-08-09,Coimbatore,31.6,0,0.32
2024-07-25,Bhubaneswar,23.4,0,0.23
2024-10-31,Chennai,11.7,0,0.12
2024-11-04,Ahmedabad,37.2,0,0.37
2024-10-01,Hyderabad,42.6,0,0.43
2024-07-02,Chennai,63.2,1,0.63
2024-09-01,Pune,54.1,0,0.54
2024-07-29,Bhubaneswar,11.7,0,0.12
2024-08-02,Hyderabad,3.6,0,0.04
2024-10-27,Coimbatore,33.8,0,0.34
2024-07-13,Nagpur,2.2,0,0.02
2024-09-19,Kolkata,10.1,0,0.1
2024-11-05,Hyderabad,5.4,0,0.05
2024-06-08,Nagpur,11.9,0,0.12
2024-06-07,Chennai,10.2,0,0.1
2024-06-12,Ahmedabad,0.6,0,0.01
2024-07-23,Jaipur,19.4,0,0.19
2024-11-10,Ahmedabad,11.7,0,0.12
2024-07-28,Coimbatore,1.4,0,0.01
2024-08-17,Coimbatore,4.6,0,0.05
2024-11-01,Kolkata,12.3,0,0.12
2024-09-02,Nagpur,15.4,0,0.15
2024-10-17,Jaipur,41.1,0,0.41
2024-08-31,Jaipur,4.9,0,0.05
2024-10-20,Hyderabad,17.4,0,0.17
2024-09-14,Jaipur,10.2,0,0.1
2024-06-18,Pune,3.2,0,0.03
2024-10-14,Jaipur,38.8,0,0.39
2024-10-08,Surat,15.6,0,0.16
2024-09-30,Chennai,4.7,0,0.05
2024-09-12,Surat,10.8,0,0.11
2024-07-04,Indore,39.7,0,0.4
2024-09-02,Chennai,3.5,0,0.04
2024-10-30,Kolkata,18.9,0,0.19
2024-10-06,Mumbai,28.1,0,0.28
2024-08-05,Kolkata,1.0,0,0.01
2024-09-25,Bhubaneswar,13.0,0,0.13
2024-07-27,Vadodara,11.3,0,0.11
2024-07-03,Surat,41.1,0,0.41
2024-08-13,Nagpur,0.3,0,0.0
2024-06-12,Kolkata,3.4,0,0.03
2024-07-25,Bhubaneswar,48.2,0,0.48
2024-07-12,Chennai,9.9,0,0.1
2024-07-18,Mumbai,23.8,0,0.24
2024-11-02,Bhubaneswar,5.5,0,0.06
2024-08-07,Delhi,22.5,0,0.23
2024-06-11,Surat,16.0,0,0.16
2024-06-04,Nagpur,52.7,0,0.53
2024-09-24,Coimbatore,10.4,0,0.1
2024-11-23,Bhubaneswar,5.4,0,0.05
2024-08-19,Chennai,14.3,0,0.14
2024-10-13,Jaipur,6.4,0,0.06
2024-09-10,Bhubaneswar,6.0,0,0.06
2024-09-27,Surat,8.5,0,0.09
2024-09-26,Coimbatore,22.3,0,0.22
2024-10-06,Nagpur,1.8,0,0.02
2024-06-02,Coimbatore,0.2,0,0.0
2024-06-05,Nagpur,16.2,0,0.16
2024-09-12,Bhubaneswar,8.3,0,0.08
2024-09-14,Vadodara,5.9,0,0.06
2024-08-30,Hyderabad,1.8,0,0.02
2024-06-04,Vadodara,5.8,0,0.06
2024-11-20,Indore,0.2,0,0.0
2024-09-05,Nagpur,15.0,0,0.15
2024-07-06,Jaipur,31.4,0,0.31
2024-10-19,Mumbai,9.2,0,0.09
2024-07-10,Hyderabad,81.1,1,0.81
2024-07-17,Chennai,5.6,0,0.06
2024-11-23,Ahmedabad,10.5,0,0.1
2024-10-16,Pune,5.7,0,0.06
2024-07-01,Mumbai,0.5,0,0.01
2024-07-25,Kolkata,12.2,0,0.12
2024-10-07,Hyderabad,0.6,0,0.01
2024-10-16,Vadodara,3.4,0,0.03
2024-10-02,Mumbai,9.4,0,0.09
2024-08-06,Surat,11.3,0,0.11
2024-09-21,Ahmedabad,42.7,0,0.43
2024-09-18,Mumbai,12.1,0,0.12
2024-07-26,Coimbatore,14.8,0,0.15
2024-07-23,Kolkata,3.5,0,0.04
2024-06-03,Bhubaneswar,10.6,0,0.11
2024-09-01,Coimbatore,2.1,0,0.02
2024-10-29,Pune,22.7,0,0.23
2024-09-19,Hyderabad,9.8,0,0.1
2024-07-13,Kolkata,47.6,0,0.48
2024-06-10,Pune,30.0,0,0.3
2024-09-11,Vadodara,14.2,0,0.14
2024-09-10,Pune,15.8,0,0.16
2024-08-09,Indore,10.5,0,0.1
2024-08-30,Surat,11.9,0,0.12
2024-06-25,Bhubaneswar,5.1,0,0.05
2024-07-22,Mumbai,20.2,0,0.2
2024-11-15,Coimbatore,5.0,0,0.05
2024-07-23,Coimbatore,24.3,0,0.24
2024-10-12,Delhi,13.6,0,0.14
2024-08-10,Ahmedabad,7.4,0,0.07
2024-10-22,Kolkata,15.2,0,0.15
2024-06-29,Chennai,36.9,0,0.37
2024-11-16,Surat,20.3,0,0.2
2024-09-19,Coimbatore,14.8,0,0.15
2024-06-26,Delhi,8.1,0,0.08
2024-08-06,Mumbai,4.3,0,0.04
2024-07-01,Mumbai,10.8,0,0.11
2024-09-08,Indore,36.2,0,0.36
2024-07-31,Jaipur,3.6,0,0.04
2024-10-21,Nagpur,7.9,0,0.08
2024-06-23,Pune,44.5,0,0.45
2024-06-05,Nagpur,6.7,0,0.07
2024-10-22,Coimbatore,54.0,0,0.54
2024-07-28,Jaipur,39.5,0,0.4
2024-09-05,Ahmedabad,0.1,0,0.0
2024-11-08,Coimbatore,46.4,0,0.46
2024-06-25,Surat,5.9,0,0.06
2024-11-24,Chennai,8.7,0,0.09
2024-08-26,Vadodara,21.0,0,0.21
2024-08-29,Kolkata,13.7,0,0.14
2024-10-20,Delhi,0.9,0,0.01
2024-11-08,Ahmedabad,18.8,0,0.19
2024-09-04,Jaipur,110.6,1,1.0
2024-08-06,Kolkata,9.5,0,0.1
2024-06-19,Mumbai,6.6,0,0.07
2024-08-03,Kolkata,19.3,0,0.19
2024-10-25,Nagpur,4.5,0,0.04
2024-07-21,Ahmedabad,22.2,0,0.22
2024-07-24,Chennai,6.2,0,0.06
2024-09-13,Ahmedabad,1.5,0,0.01
2024-11-24,Bhubaneswar,12.5,0,0.12
2024-08-26,Vadodara,55.2,0,0.55
2024-10-06,Kolkata,30.3,0,0.3
2024-10-04,Mumbai,30.8,0,0.31
2024-09-27,Vadodara,2.2,0,0.02
2024-10-12,Vadodara,4.5,0,0.04
2024-09-30,Nagpur,9.0,0,0.09
2024-09-02,Nagpur,17.4,0,0.17
2024-07-24,Kolkata,1.7,0,0.02
2024-10-22,Delhi,0.6,0,0.01
2024-06-19,Vadodara,39.3,0,0.39
2024-08-19,Bhubaneswar,12.9,0,0.13
2024-10-03,Chennai,17.6,0,0.18
2024-10-31,Coimbatore,0.6,0,0.01
2024-10-28,Chennai,22.0,0,0.22
2024-07-27,Delhi,14.4,0,0.14
2024-10-21,Ahmedabad,27.2,0,0.27
2024-10-19,Indore,34.1,0,0.34
2024-10-18,Pune,29.0,0,0.29
2024-08-16,Ahmedabad,2.4,0,0.02
2024-09-19,Mumbai,1.7,0,0.02
2024-10-04,Ahmedabad,1.7,0,0.02
2024-07-04,Hyderabad,50.1,0,0.5
2024-07-22,Bhubaneswar,33.3,0,0.33
2024-11-03,Kolkata,60.8,1,0.61
2024-11-21,Indore,9.3,0,0.09
2024-10-04,Ahmedabad,5.2,0,0.05
2024-09-12,Hyderabad,12.9,0,0.13
2024-09-02,Chennai,3.9,0,0.04
2024-06-08,Hyderabad,21.5,0,0.21
2024-06-25,Indore,2.9,0,0.03
2024-06-21,Chennai,7.6,0,0.08
2024-11-04,Bhubaneswar,9.8,0,0.1
2024-08-25,Chennai,6.5,0,0.07
2024-10-13,Coimbatore,6.3,0,0.06
2024-08-18,Indore,6.6,0,0.07
2024-07-17,Coimbatore,6.5,0,0.07
2024-07-21,Jaipur,10.3,0,0.1
2024-08-04,Vadodara,1.1,0,0.01
2024-11-06,Nagpur,30.8,0,0.31
2024-06-20,Mumbai,0.0,0,0.0
2024-10-28,Coimbatore,35.0,0,0.35
2024-06-04,Kolkata,14.4,0,0.14
2024-06-01,Chennai,4.2,0,0.04
2024-10-13,Hyderabad,60.2,1,0.6
2024-06-25,Vadodara,11.4,0,0.11
2024-09-07,Ahmedabad,25.6,0,0.26
2024-08-04,Ahmedabad,5.7,0,0.06
2024-09-26,Hyderabad,5.3,0,0.05
2024-11-03,Jaipur,33.2,0,0.33
2024-08-19,Indore,37.9,0,0.38
2024-11-08,Hyderabad,30.8,0,0.31
2024-11-16,Ahmedabad,13.8,0,0.14
2024-10-25,Kolkata,9.5,0,0.1
2024-08-27,Chennai,7.2,0,0.07
2024-07-28,Nagpur,66.9,1,0.67
2024-11-17,Surat,4.2,0,0.04
2024-09-06,Indore,8.8,0,0.09
2024-11-04,Nagpur,7.5,0,0.07
2024-09-06,Kolkata,17.0,0,0.17
2024-11-18,Nagpur,2.0,0,0.02
2024-09-08,Bhubaneswar,9.0,0,0.09
2024-07-17,Nagpur,29.0,0,0.29
2024-10-28,Indore,7.4,0,0.07
2024-09-09,Pune,15.8,0,0.16
2024-06-12,Chennai,40.3,0,0.4
2024-07-17,Ahmedabad,3.5,0,0.04
2024-07-20,Ahmedabad,17.3,0,0.17
2024-07-17,Nagpur,16.4,0,0.16
2024-08-18,Vadodara,1.3,0,0.01
2024-11-20,Bhubaneswar,45.5,0,0.46
2024-06-15,Mumbai,11.0,0,0.11
2024-10-09,Delhi,11.1,0,0.11
2024-09-08,Ahmedabad,2.0,0,0.02
2024-10-23,Kolkata,47.3,0,0.47
2024-07-11,Nagpur,1.3,0,0.01
2024-09-01,Coimbatore,40.9,0,0.41
2024-09-29,Kolkata,22.1,0,0.22
2024-11-18,Chennai,12.2,0,0.12
2024-11-13,Hyderabad,14.8,0,0.15
2024-09-01,Delhi,23.7,0,0.24
2024-09-22,Pune,1.1,0,0.01
2024-07-21,Kolkata,6.4,0,0.06
2024-10-04,Mumbai,34.8,0,0.35
2024-06-02,Nagpur,24.8,0,0.25
2024-06-30,Chennai,8.9,0,0.09
2024-08-25,Pune,2.0,0,0.02
2024-11-21,Coimbatore,2.5,0,0.03
2024-06-25,Kolkata,41.3,0,0.41
2024-09-28,Hyderabad,6.8,0,0.07
2024-10-06,Pune,18.1,0,0.18
2024-11-08,Bhubaneswar,0.3,0,0.0
2024-07-17,Ahmedabad,1.6,0,0.02
2024-09-14,Jaipur,14.1,0,0.14
2024-10-29,Indore,9.8,0,0.1
2024-10-09,Vadodara,0.3,0,0.0
2024-09-13,Delhi,10.5,0,0.1
2024-10-20,Surat,52.5,0,0.53
2024-10-16,Jaipur,1.5,0,0.01
2024-11-12,Hyderabad,2.6,0,0.03
2024-10-19,Pune,28.1,0,0.28
2024-06-17,Vadodara,38.2,0,0.38
2024-10-13,Indore,8.5,0,0.09
2024-11-20,Delhi,16.7,0,0.17
2024-09-30,Kolkata,7.0,0,0.07
2024-08-28,Bhubaneswar,27.8,0,0.28
2024-09-05,Surat,27.0,0,0.27
2024-10-30,Nagpur,5.8,0,0.06
2024-07-25,Coimbatore,4.2,0,0.04
2024-07-20,Jaipur,13.2,0,0.13
2024-09-14,Hyderabad,6.1,0,0.06
2024-08-09,Coimbatore,19.4,0,0.19
2024-06-14,Nagpur,18.0,0,0.18
2024-09-06,Mumbai,9.9,0,0.1
2024-07-09,Bhubaneswar,17.3,0,0.17
2024-09-10,Nagpur,25.3,0,0.25
2024-10-05,Hyderabad,4.7,0,0.05
2024-09-17,Pune,18.9,0,0.19
2024-08-29,Ahmedabad,7.5,0,0.07
2024-09-09,Kolkata,7.0,0,0.07
2024-08-07,Ahmedabad,8.1,0,0.08
2024-08-25,Jaipur,13.3,0,0.13
2024-09-22,Surat,9.4,0,0.09
2024-09-08,Pune,10.3,0,0.1
2024-11-06,Vadodara,17.8,0,0.18
2024-10-28,Coimbatore,0.6,0,0.01
2024-08-07,Pune,9.4,0,0.09
2024-06-21,Nagpur,5.1,0,0.05
2024-08-30,Delhi,17.5,0,0.17
2024-11-08,Hyderabad,38.5,0,0.39
2024-08-01,Ahmedabad,10.0,0,0.1
2024-09-22,Coimbatore,19.9,0,0.2
2024-08-21,Coimbatore,4.6,0,0.05
2024-06-10,Pune,15.2,0,0.15
2024-11-11,Jaipur,7.8,0,0.08
2024-08-04,Mumbai,29.3,0,0.29
2024-09-02,Indore,83.7,1,0.84
2024-09-22,Bhubaneswar,17.3,0,0.17
2024-07-14,Nagpur,17.1,0,0.17
2024-11-13,Kolkata,0.9,0,0.01
2024-10-22,Indore,17.1,0,0.17
2024-08-09,Jaipur,10.3,0,0.1
2024-10-13,Pune,18.9,0,0.19
2024-09-10,Kolkata,36.7,0,0.37
2024-07-29,Delhi,29.1,0,0.29
2024-11-07,Pune,2.5,0,0.03
2024-08-25,Coimbatore,4.5,0,0.04
2024-07-31,Indore,10.2,0,0.1
2024-08-29,Nagpur,6.8,0,0.07
2024-10-20,Coimbatore,12.1,0,0.12
2024-06-09,Hyderabad,57.8,0,0.58
2024-10-02,Ahmedabad,11.4,0,0.11
2024-06-02,Surat,15.7,0,0.16
2024-07-29,Delhi,16.1,0,0.16
2024-07-26,Surat,30.5,0,0.3
2024-10-15,Bhubaneswar,5.2,0,0.05
2024-09-12,Delhi,14.3,0,0.14
2024-07-19,Kolkata,2.3,0,0.02
2024-11-03,Mumbai,51.7,0,0.52
2024-08-03,Chennai,10.0,0,0.1
2024-11-01,Vadodara,1.2,0,0.01
2024-08-17,Vadodara,1.9,0,0.02
2024-10-13,Jaipur,23.1,0,0.23
2024-11-26,Indore,23.5,0,0.23
2024-06-08,Coimbatore,22.2,0,0.22
2024-07-27,Nagpur,97.2,1,0.97
2024-07-24,Nagpur,8.4,0,0.08
2024-08-10,Indore,126.3,1,1.0
2024-08-30,Chennai,55.0,0,0.55
2024-09-07,Indore,31.1,0,0.31
2024-07-16,Bhubaneswar,2.4,0,0.02
2024-11-28,Ahmedabad,36.5,0,0.36
2024-06-08,Coimbatore,57.2,0,0.57
2024-06-27,Delhi,29.6,0,0.3
2024-07-07,Indore,38.9,0,0.39
2024-09-01,Vadodara,34.5,0,0.34
2024-07-29,Surat,25.4,0,0.25
2024-10-15,Hyderabad,21.8,0,0.22
2024-11-09,Nagpur,40.1,0,0.4
2024-09-19,Kolkata,25.1,0,0.25
2024-07-22,Bhubaneswar,13.1,0,0.13
2024-09-10,Coimbatore,91.0,1,0.91
2024-08-11,Nagpur,0.6,0,0.01
2024-09-18,Pune,0.5,0,0.01
2024-11-25,Coimbatore,11.8,0,0.12
2024-09-09,Ahmedabad,1.5,0,0.01
2024-09-19,Hyderabad,10.9,0,0.11
2024-06-10,Jaipur,29.2,0,0.29
2024-07-26,Bhubaneswar,11.1,0,0.11
2024-07-05,Hyderabad,3.8,0,0.04
2024-07-21,Nagpur,0.6,0,0.01
2024-10-25,Hyderabad,5.3,0,0.05
2024-09-30,Kolkata,28.0,0,0.28
2024-06-29,Coimbatore,29.5,0,0.29
2024-10-31,Delhi,1.3,0,0.01
2024-06-14,Mumbai,6.7,0,0.07
2024-10-26,Jaipur,35.1,0,0.35
2024-06-18,Coimbatore,1.6,0,0.02
2024-06-23,Indore,9.4,0,0.09
2024-07-16,Indore,1.1,0,0.01
2024-10-04,Pune,4.6,0,0.05
2024-06-12,Vadodara,59.2,0,0.59
2024-10-15,Nagpur,28.8,0,0.29
2024-11-22,Chennai,24.5,0,0.24
2024-10-31,Hyderabad,0.2,0,0.0
2024-06-30,Delhi,27.5,0,0.28
2024-08-16,Vadodara,18.7,0,0.19
2024-08-07,Surat,39.9,0,0.4
2024-09-27,Kolkata,8.3,0,0.08
2024-10-23,Nagpur,12.4,0,0.12
2024-09-29,Pune,30.4,0,0.3
2024-10-11,Bhubaneswar,9.3,0,0.09
2024-07-31,Bhubaneswar,1.9,0,0.02
2024-06-06,Hyderabad,27.7,0,0.28
2024-06-23,Vadodara,7.4,0,0.07
2024-08-04,Coimbatore,5.9,0,0.06
2024-08-22,Bhubaneswar,3.5,0,0.04
2024-11-15,Nagpur,28.5,0,0.28
2024-08-09,Delhi,6.8,0,0.07
2024-09-30,Jaipur,11.7,0,0.12
2024-10-30,Surat,8.3,0,0.08
2024-08-27,Bhubaneswar,43.3,0,0.43
2024-08-28,Indore,9.1,0,0.09
2024-11-12,Pune,11.5,0,0.12
2024-07-17,Pune,48.7,0,0.49
2024-06-09,Vadodara,6.1,0,0.06
2024-09-28,Mumbai,19.9,0,0.2
2024-09-12,Indore,25.7,0,0.26
2024-10-14,Hyderabad,57.0,0,0.57
2024-08-25,Nagpur,2.5,0,0.03
2024-09-29,Vadodara,12.2,0,0.12
2024-10-02,Indore,1.4,0,0.01
2024-11-10,Chennai,13.8,0,0.14
2024-11-27,Hyderabad,15.0,0,0.15
2024-11-22,Surat,49.2,0,0.49
2024-07-11,Chennai,18.1,0,0.18
2024-07-17,Kolkata,29.3,0,0.29
2024-09-11,Bhubaneswar,3.6,0,0.04
2024-07-26,Chennai,10.1,0,0.1
2024-06-29,Kolkata,47.7,0,0.48
2024-07-19,Mumbai,40.9,0,0.41
2024-09-27,Nagpur,39.0,0,0.39
2024-09-02,Coimbatore,2.8,0,0.03
2024-11-13,Kolkata,98.3,1,0.98
2024-10-12,Kolkata,1.3,0,0.01
2024-11-20,Coimbatore,8.1,0,0.08
2024-11-27,Chennai,17.7,0,0.18
2024-07-24,Jaipur,7.1,0,0.07
2024-10-06,Bhubaneswar,27.1,0,0.27
2024-10-07,Vadodara,65.9,1,0.66
2024-06-03,Nagpur,22.6,0,0.23
2024-11-25,Delhi,1.7,0,0.02
2024-06-03,Surat,17.4,0,0.17
2024-10-27,Nagpur,36.1,0,0.36
2024-06-12,Chennai,29.0,0,0.29
2024-09-12,Pune,5.9,0,0.06
2024-11-12,Hyderabad,10.2,0,0.1
2024-07-01,Delhi,34.3,0,0.34
2024-09-18,Indore,2.0,0,0.02
2024-06-11,Coimbatore,3.9,0,0.04
2024-06-10,Nagpur,29.4,0,0.29
2024-10-14,Nagpur,234.0,1,1.0
2024-10-16,Bhubaneswar,11.1,0,0.11
2024-11-13,Pune,10.7,0,0.11
2024-09-21,Coimbatore,30.7,0,0.31
2024-08-08,Surat,2.7,0,0.03
2024-07-21,Surat,8.5,0,0.09
2024-06-03,Ahmedabad,8.9,0,0.09
2024-08-05,Bhubaneswar,57.6,0,0.58
2024-08-29,Surat,0.5,0,0.01
2024-07-25,Nagpur,49.9,0,0.5
2024-08-24,Vadodara,7.7,0,0.08
2024-08-12,Pune,25.4,0,0.25
2024-11-21,Jaipur,68.5,1,0.69
2024-08-14,Indore,22.9,0,0.23
2024-11-06,Coimbatore,1.4,0,0.01
2024-10-01,Mumbai,113.7,1,1.0
2024-10-10,Mumbai,0.8,0,0.01
2024-11-05,Indore,19.8,0,0.2
2024-07-19,Indore,17.2,0,0.17
2024-09-24,Chennai,33.2,0,0.33
2024-10-08,Surat,37.3,0,0.37
2024-11-17,Bhubaneswar,6.2,0,0.06
2024-09-08,Ahmedabad,19.6,0,0.2
2024-08-05,Ahmedabad,16.5,0,0.17
2024-06-22,Bhubaneswar,1.8,0,0.02
2024-10-05,Vadodara,9.5,0,0.1
2024-10-11,Jaipur,15.9,0,0.16
2024-11-07,Delhi,15.2,0,0.15
2024-08-08,Surat,0.6,0,0.01
2024-08-08,Coimbatore,7.5,0,0.07
2024-10-20,Indore,0.5,0,0.01
2024-11-16,Surat,6.9,0,0.07
2024-08-20,Kolkata,5.7,0,0.06
2024-10-29,Jaipur,20.4,0,0.2
2024-06-07,Bhubaneswar,21.7,0,0.22
2024-07-18,Bhubaneswar,34.2,0,0.34
2024-06-09,Pune,14.7,0,0.15
2024-11-08,Nagpur,9.8,0,0.1
2024-09-20,Delhi,0.4,0,0.0
2024-08-27,Indore,5.8,0,0.06
2024-09-17,Mumbai,6.4,0,0.06
2024-11-07,Kolkata,10.8,0,0.11
2024-06-14,Ahmedabad,12.1,0,0.12
2024-09-01,Chennai,29.0,0,0.29
2024-07-23,Mumbai,0.7,0,0.01
2024-11-14,Hyderabad,17.1,0,0.17
2024-07-04,Indore,26.9,0,0.27
2024-11-01,Kolkata,5.2,0,0.05
2024-11-07,Pune,13.7,0,0.14
2024-09-06,Vadodara,15.4,0,0.15
2024-07-27,Bhubaneswar,25.5,0,0.26
2024-11-01,Indore,8.3,0,0.08
2024-07-13,Hyderabad,40.6,0,0.41
2024-08-31,Bhubaneswar,0.4,0,0.0
2024-09-11,Hyderabad,13.4,0,0.13
2024-08-07,Delhi,1.4,0,0.01
2024-08-02,Indore,15.4,0,0.15
2024-09-21,Indore,30.7,0,0.31
2024-11-12,Kolkata,3.4,0,0.03
2024-07-01,Kolkata,14.3,0,0.14
2024-08-30,Ahmedabad,3.4,0,0.03
2024-06-16,Coimbatore,24.3,0,0.24
2024-07-17,Ahmedabad,46.0,0,0.46
2024-09-27,Pune,10.0,0,0.1
2024-07-12,Bhubaneswar,40.0,0,0.4
2024-07-01,Indore,34.6,0,0.35
2024-11-08,Mumbai,5.8,0,0.06
2024-08-31,Kolkata,3.0,0,0.03
2024-06-24,Bhubaneswar,31.8,0,0.32
2024-08-23,Surat,37.6,0,0.38
2024-06-06,Indore,19.5,0,0.2
2024-07-03,Coimbatore,15.4,0,0.15
2024-06-21,Bhubaneswar,9.3,0,0.09
2024-10-15,Pune,34.1,0,0.34
2024-11-27,Mumbai,11.6,0,0.12
2024-11-25,Indore,4.9,0,0.05
2024-09-07,Hyderabad,2.0,0,0.02
2024-07-03,Surat,7.6,0,0.08
2024-06-15,Ahmedabad,5.2,0,0.05
2024-10-14,Coimbatore,39.6,0,0.4
2024-07-02,Hyderabad,6.3,0,0.06
2024-11-25,Ahmedabad,5.5,0,0.06
2024-10-24,Indore,3.0,0,0.03
2024-06-15,Bhubaneswar,0.9,0,0.01
2024-08-16,Delhi,58.7,0,0.59
2024-08-13,Surat,42.6,0,0.43
2024-09-23,Jaipur,6.0,0,0.06
2024-10-11,Bhubaneswar,22.6,0,0.23
2024-09-22,Delhi,47.1,0,0.47
2024-10-03,Ahmedabad,1.5,0,0.01
2024-09-23,Kolkata,17.9,0,0.18
2024-10-29,Bhubaneswar,1.8,0,0.02
2024-10-13,Ahmedabad,8.1,0,0.08
2024-07-09,Jaipur,13.7,0,0.14
2024-08-24,Coimbatore,4.0,0,0.04
2024-11-22,Pune,18.8,0,0.19
2024-07-31,Delhi,0.4,0,0.0
2024-06-27,Surat,3.0,0,0.03
2024-06-22,Delhi,15.0,0,0.15
2024-07-11,Surat,16.6,0,0.17
2024-07-08,Nagpur,27.3,0,0.27
2024-11-21,Hyderabad,5.0,0,0.05
2024-10-10,Bhubaneswar,26.3,0,0.26
2024-07-06,Hyderabad,24.6,0,0.25
2024-08-10,Vadodara,19.1,0,0.19
2024-07-04,Hyderabad,11.0,0,0.11
2024-08-30,Kolkata,30.4,0,0.3
2024-06-26,Hyderabad,49.0,0,0.49
2024-08-27,Surat,14.5,0,0.14
2024-09-01,Mumbai,23.3,0,0.23
2024-11-13,Delhi,24.8,0,0.25
2024-11-23,Nagpur,15.0,0,0.15
2024-10-14,Vadodara,4.7,0,0.05
2024-10-13,Ahmedabad,15.5,0,0.15
2024-06-21,Pune,4.7,0,0.05
2024-08-26,Delhi,8.8,0,0.09
2024-06-11,Kolkata,12.6,0,0.13
2024-06-14,Bhubaneswar,15.6,0,0.16
2024-07-02,Surat,4.7,0,0.05
2024-09-17,Kolkata,0.8,0,0.01
2024-11-06,Jaipur,11.3,0,0.11
2024-08-17,Delhi,8.7,0,0.09
2024-10-07,Coimbatore,14.1,0,0.14
2024-09-08,Nagpur,8.2,0,0.08
2024-11-20,Chennai,8.1,0,0.08
2024-08-26,Ahmedabad,27.0,0,0.27
2024-08-15,Indore,6.9,0,0.07
2024-10-20,Surat,44.0,0,0.44
2024-10-28,Coimbatore,3.2,0,0.03
2024-06-30,Jaipur,11.6,0,0.12
2024-08-23,Jaipur,41.7,0,0.42
2024-06-08,Jaipur,53.0,0,0.53
2024-10-25,Surat,8.4,0,0.08
2024-11-15,Mumbai,2.3,0,0.02
2024-08-13,Coimbatore,10.5,0,0.1
2024-08-14,Vadodara,4.4,0,0.04
2024-07-31,Indore,3.0,0,0.03
2024-06-07,Delhi,33.4,0,0.33
2024-09-14,Nagpur,9.5,0,0.1
2024-09-01,Kolkata,4.1,0,0.04
2024-08-30,Delhi,45.6,0,0.46
2024-11-26,Kolkata,33.4,0,0.33
2024-07-24,Ahmedabad,1.0,0,0.01
2024-08-25,Delhi,8.8,0,0.09
2024-10-09,Surat,8.8,0,0.09
2024-06-16,Chennai,0.7,0,0.01
2024-07-05,Surat,15.9,0,0.16
2024-07-10,Pune,0.6,0,0.01
2024-09-21,Nagpur,31.6,0,0.32
2024-08-24,Ahmedabad,9.7,0,0.1
2024-09-23,Coimbatore,6.4,0,0.06
2024-09-24,Ahmedabad,1.1,0,0.01
2024-10-06,Pune,26.3,0,0.26
2024-08-09,Nagpur,1.7,0,0.02
2024-10-26,Delhi,4.7,0,0.05
2024-07-17,Hyderabad,14.0,0,0.14
2024-08-12,Delhi,6.9,0,0.07
2024-07-01,Jaipur,40.2,0,0.4
2024-07-26,Mumbai,8.6,0,0.09
2024-09-23,Surat,17.4,0,0.17
2024-08-13,Mumbai,32.6,0,0.33
2024-10-29,Jaipur,27.5,0,0.28
2024-08-03,Ahmedabad,13.0,0,0.13
2024-10-31,Nagpur,40.4,0,0.4
2024-11-05,Nagpur,7.8,0,0.08
2024-06-05,Indore,10.5,0,0.1
2024-06-16,Nagpur,7.7,0,0.08
2024-08-12,Jaipur,26.6,0,0.27
2024-08-24,Hyderabad,0.9,0,0.01
2024-11-01,Delhi,2.4,0,0.02
2024-10-19,Coimbatore,34.8,0,0.35
2024-08-19,Hyderabad,12.1,0,0.12
2024-11-24,Kolkata,1.5,0,0.01
2024-09-15,Jaipur,23.2,0,0.23
2024-08-07,Nagpur,2.3,0,0.02
2024-06-28,Jaipur,4.8,0,0.05
2024-09-18,Vadodara,8.5,0,0.09
2024-07-21,Mumbai,0.5,0,0.01
2024-10-23,Pune,2.6,0,0.03
2024-09-16,Delhi,18.1,0,0.18
2024-10-04,Pune,13.7,0,0.14
2024-07-10,Chennai,4.9,0,0.05
2024-09-02,Delhi,7.4,0,0.07
2024-07-27,Kolkata,25.4,0,0.25
2024-06-08,Delhi,0.7,0,0.01
2024-09-24,Mumbai,22.7,0,0.23
2024-09-23,Vadodara,20.5,0,0.2
2024-11-07,Coimbatore,9.3,0,0.09
2024-06-06,Jaipur,8.7,0,0.09
2024-08-17,Vadodara,5.6,0,0.06
2024-07-10,Chennai,34.7,0,0.35
2024-07-10,Ahmedabad,16.6,0,0.17
2024-07-08,Nagpur,7.3,0,0.07
2024-10-02,Pune,53.8,0,0.54
2024-09-01,Vadodara,21.9,0,0.22
2024-06-17,Bhubaneswar,114.0,1,1.0
2024-09-03,Coimbatore,46.0,0,0.46
2024-11-25,Chennai,32.7,0,0.33
2024-07-22,Pune,4.5,0,0.04
2024-06-27,Coimbatore,1.7,0,0.02
2024-11-11,Nagpur,0.2,0,0.0
2024-06-13,Hyderabad,1.9,0,0.02
2024-08-26,Indore,57.5,0,0.57
2024-09-02,Coimbatore,5.5,0,0.06
2024-10-21,Delhi,43.9,0,0.44
2024-08-14,Bhubaneswar,4.1,0,0.04
2024-08-31,Delhi,17.3,0,0.17
2024-08-26,Kolkata,17.1,0,0.17
2024-09-02,Hyderabad,12.1,0,0.12
2024-07-18,Vadodara,77.0,1,0.77
2024-09-17,Chennai,27.8,0,0.28
2024-11-17,Surat,24.0,0,0.24
2024-07-23,Bhubaneswar,83.2,1,0.83
2024-11-16,Delhi,26.9,0,0.27
2024-11-27,Nagpur,11.0,0,0.11
2024-09-15,Hyderabad,5.3,0,0.05
2024-10-09,Vadodara,45.8,0,0.46
2024-10-22,Indore,1.1,0,0.01
2024-11-04,Hyderabad,18.7,0,0.19
2024-06-02,Delhi,1.0,0,0.01
2024-10-27,Coimbatore,14.3,0,0.14
2024-06-08,Chennai,11.1,0,0.11
2024-09-15,Surat,19.6,0,0.2
2024-06-14,Ahmedabad,41.3,0,0.41
2024-07-22,Coimbatore,5.9,0,0.06
2024-09-30,Chennai,20.2,0,0.2
2024-09-03,Chennai,23.1,0,0.23
2024-11-22,Delhi,9.6,0,0.1
2024-10-22,Nagpur,1.7,0,0.02
2024-07-11,Delhi,30.8,0,0.31
2024-11-08,Chennai,18.1,0,0.18
2024-10-27,Jaipur,23.5,0,0.23
2024-10-28,Nagpur,5.3,0,0.05
2024-07-28,Bhubaneswar,54.5,0,0.55
2024-10-21,Vadodara,1.6,0,0.02
2024-06-12,Vadodara,12.3,0,0.12
2024-11-05,Ahmedabad,15.0,0,0.15
2024-08-02,Pune,11.8,0,0.12
2024-06-18,Hyderabad,18.3,0,0.18
2024-11-22,Pune,16.2,0,0.16
2024-06-10,Vadodara,6.7,0,0.07
2024-10-26,Surat,52.2,0,0.52
2024-10-08,Surat,10.3,0,0.1
2024-08-29,Surat,12.1,0,0.12
2024-11-21,Pune,28.3,0,0.28
2024-06-23,Indore,5.6,0,0.06
2024-09-03,Indore,7.2,0,0.07
2024-10-20,Delhi,10.6,0,0.11
2024-10-31,Bhubaneswar,3.2,0,0.03
2024-06-24,Chennai,61.6,1,0.62
2024-09-03,Chennai,32.0,0,0.32
2024-07-23,Hyderabad,39.5,0,0.4
2024-06-12,Mumbai,68.2,1,0.68
2024-09-12,Mumbai,17.3,0,0.17
2024-06-13,Coimbatore,53.3,0,0.53
2024-11-04,Indore,1.8,0,0.02
2024-07-19,Jaipur,9.8,0,0.1
2024-11-21,Pune,13.1,0,0.13
2024-07-31,Jaipur,0.4,0,0.0
2024-07-26,Jaipur,5.3,0,0.05
2024-09-19,Kolkata,37.1,0,0.37
2024-10-06,Bhubaneswar,12.3,0,0.12
2024-06-11,Kolkata,5.9,0,0.06
2024-06-01,Mumbai,1.3,0,0.01
2024-11-19,Pune,1.4,0,0.01
2024-10-18,Bhubaneswar,9.1,0,0.09
2024-11-10,Surat,1.4,0,0.01
2024-10-11,Nagpur,8.4,0,0.08
2024-11-15,Mumbai,41.7,0,0.42
2024-10-22,Chennai,5.5,0,0.06
2024-11-05,Surat,5.3,0,0.05
2024-10-14,Bhubaneswar,36.1,0,0.36
2024-08-12,Coimbatore,36.0,0,0.36
2024-10-12,Nagpur,25.2,0,0.25
2024-09-14,Chennai,9.6,0,0.1
2024-09-24,Ahmedabad,0.9,0,0.01
2024-09-12,Vadodara,6.5,0,0.07
2024-08-09,Bhubaneswar,12.6,0,0.13
2024-07-05,Hyderabad,6.0,0,0.06
2024-06-03,Jaipur,30.8,0,0.31
2024-07-30,Surat,9.2,0,0.09
2024-10-10,Coimbatore,39.3,0,0.39
2024-06-24,Jaipur,24.4,0,0.24
2024-08-15,Mumbai,22.7,0,0.23
2024-09-12,Mumbai,34.6,0,0.35
2024-08-14,Vadodara,41.6,0,0.42
2024-08-11,Nagpur,9.4,0,0.09
2024-09-14,Mumbai,2.5,0,0.03
2024-08-10,Coimbatore,23.4,0,0.23
2024-06-08,Hyderabad,13.8,0,0.14
2024-09-27,Coimbatore,3.9,0,0.04
2024-10-22,Pune,2.9,0,0.03
2024-11-23,Bhubaneswar,9.6,0,0.1
2024-07-13,Ahmedabad,20.7,0,0.21
2024-10-05,Ahmedabad,0.6,0,0.01
2024-09-20,Kolkata,14.0,0,0.14
2024-08-01,Vadodara,27.2,0,0.27
2024-10-31,Nagpur,18.8,0,0.19
2024-11-14,Ahmedabad,20.7,0,0.21
2024-10-11,Delhi,2.6,0,0.03
2024-11-22,Chennai,3.6,0,0.04
2024-10-19,Jaipur,19.0,0,0.19
2024-09-22,Nagpur,1.3,0,0.01
2024-08-17,Hyderabad,4.9,0,0.05
2024-11-04,Coimbatore,11.2,0,0.11
2024-07-14,Kolkata,10.1,0,0.1
2024-09-08,Coimbatore,58.5,0,0.58
2024-09-23,Surat,15.4,0,0.15
2024-06-23,Pune,89.4,1,0.89
2024-08-05,Coimbatore,7.7,0,0.08
2024-11-04,Vadodara,12.4,0,0.12
2024-10-24,Bhubaneswar,7.8,0,0.08
2024-11-28,Kolkata,1.3,0,0.01
2024-08-03,Delhi,2.2,0,0.02
2024-08-23,Chennai,4.1,0,0.04
2024-09-20,Delhi,0.3,0,0.0
2024-08-19,Vadodara,9.0,0,0.09
2024-07-07,Pune,4.9,0,0.05
2024-11-05,Bhubaneswar,1.2,0,0.01
2024-06-03,Coimbatore,14.8,0,0.15
2024-11-08,Mumbai,0.1,0,0.0
2024-10-28,Vadodara,5.7,0,0.06
2024-06-03,Ahmedabad,11.2,0,0.11
2024-10-21,Hyderabad,2.4,0,0.02
2024-09-05,Kolkata,27.0,0,0.27
2024-10-29,Coimbatore,4.0,0,0.04
2024-09-08,Vadodara,17.0,0,0.17
2024-11-18,Vadodara,3.2,0,0.03
2024-10-11,Ahmedabad,2.8,0,0.03
2024-07-02,Chennai,8.4,0,0.08
2024-10-16,Pune,7.6,0,0.08
2024-07-06,Mumbai,79.0,1,0.79
2024-07-08,Kolkata,7.3,0,0.07
2024-11-18,Bhubaneswar,23.8,0,0.24
2024-11-14,Ahmedabad,22.3,0,0.22
2024-11-13,Pune,0.3,0,0.0
2024-08-08,Mumbai,15.9,0,0.16
2024-10-22,Vadodara,9.4,0,0.09
2024-07-06,Nagpur,26.0,0,0.26
2024-06-14,Mumbai,60.3,1,0.6
2024-09-28,Bhubaneswar,3.8,0,0.04
2024-07-29,Bhubaneswar,4.7,0,0.05
2024-11-28,Nagpur,12.9,0,0.13
2024-08-09,Surat,42.1,0,0.42
2024-09-08,Indore,5.5,0,0.06
2024-06-17,Pune,18.4,0,0.18
2024-10-10,Bhubaneswar,48.1,0,0.48
2024-10-04,Vadodara,3.5,0,0.04
2024-11-28,Coimbatore,1.0,0,0.01
2024-08-23,Surat,10.4,0,0.1
2024-10-07,Nagpur,0.8,0,0.01
2024-06-14,Bhubaneswar,5.4,0,0.05
2024-08-24,Coimbatore,1.1,0,0.01
2024-10-28,Delhi,35.0,0,0.35
2024-11-23,Vadodara,5.0,0,0.05
2024-08-23,Ahmedabad,10.0,0,0.1
2024-09-24,Pune,22.4,0,0.22
2024-09-11,Pune,22.7,0,0.23
2024-11-18,Pune,23.0,0,0.23
2024-09-04,Ahmedabad,26.3,0,0.26
2024-09-26,Hyderabad,47.3,0,0.47
2024-09-07,Surat,22.4,0,0.22
2024-11-21,Surat,12.6,0,0.13
2024-06-14,Indore,63.0,1,0.63
2024-08-26,Delhi,15.8,0,0.16
2024-07-04,Chennai,46.9,0,0.47
2024-11-11,Vadodara,31.4,0,0.31
2024-10-01,Jaipur,5.2,0,0.05
2024-09-17,Pune,23.2,0,0.23
2024-11-11,Coimbatore,29.3,0,0.29
2024-11-02,Coimbatore,6.0,0,0.06
2024-07-25,Coimbatore,61.8,1,0.62
2024-07-28,Vadodara,2.4,0,0.02
2024-09-28,Mumbai,6.1,0,0.06
2024-09-03,Indore,62.0,1,0.62
2024-06-28,Vadodara,17.5,0,0.17
2024-09-20,Coimbatore,52.3,0,0.52
2024-07-20,Delhi,4.2,0,0.04
2024-08-04,Coimbatore,6.5,0,0.07
2024-06-11,Mumbai,2.1,0,0.02
2024-08-14,Indore,20.4,0,0.2
2024-06-23,Mumbai,20.9,0,0.21
2024-10-09,Pune,4.4,0,0.04
2024-09-22,Vadodara,10.6,0,0.11
2024-09-25,Coimbatore,20.1,0,0.2
2024-06-26,Jaipur,6.9,0,0.07
2024-09-03,Hyderabad,4.1,0,0.04
2024-06-13,Mumbai,1.0,0,0.01
2024-08-23,Bhubaneswar,47.4,0,0.47
2024-11-09,Chennai,3.0,0,0.03
2024-06-24,Kolkata,4.3,0,0.04
2024-10-14,Kolkata,34.4,0,0.34
2024-11-19,Delhi,1.8,0,0.02
2024-06-06,Pune,4.5,0,0.04
2024-08-27,Ahmedabad,25.2,0,0.25
2024-09-04,Vadodara,12.9,0,0.13
2024-06-26,Pune,11.0,0,0.11
2024-07-28,Bhubaneswar,31.0,0,0.31
2024-10-19,Delhi,8.0,0,0.08
2024-06-13,Delhi,71.9,1,0.72
2024-06-23,Surat,1.3,0,0.01
2024-08-07,Pune,12.4,0,0.12
2024-07-18,Bhubaneswar,45.9,0,0.46
2024-07-18,Hyderabad,3.0,0,0.03
2024-10-23,Jaipur,1.0,0,0.01
2024-09-30,Surat,30.4,0,0.3
2024-09-14,Vadodara,29.1,0,0.29
2024-07-23,Jaipur,5.3,0,0.05
2024-10-04,Mumbai,19.0,0,0.19
2024-10-30,Pune,30.5,0,0.3
2024-06-13,Jaipur,1.4,0,0.01
2024-08-11,Ahmedabad,39.2,0,0.39
2024-07-24,Mumbai,12.7,0,0.13
2024-10-19,Bhubaneswar,6.9,0,0.07
2024-06-01,Chennai,3.6,0,0.04
2024-06-11,Vadodara,8.5,0,0.09
2024-10-08,Jaipur,24.0,0,0.24
2024-06-20,Kolkata,3.1,0,0.03
2024-10-04,Jaipur,18.6,0,0.19
2024-06-10,Indore,7.9,0,0.08
2024-07-09,Delhi,18.0,0,0.18
2024-11-02,Mumbai,50.1,0,0.5
2024-10-14,Chennai,35.1,0,0.35
2024-08-29,Coimbatore,1.3,0,0.01
2024-11-15,Nagpur,15.5,0,0.15
2024-08-15,Ahmedabad,2.3,0,0.02
2024-09-13,Kolkata,0.1,0,0.0
2024-11-06,Delhi,9.3,0,0.09
2024-06-06,Kolkata,45.5,0,0.46
2024-07-04,Delhi,3.4,0,0.03
2024-06-05,Nagpur,3.0,0,0.03
2024-07-17,Jaipur,3.5,0,0.04
2024-11-05,Delhi,8.4,0,0.08
2024-09-18,Kolkata,2.7,0,0.03
2024-06-29,Chennai,11.6,0,0.12
2024-08-14,Ahmedabad,7.0,0,0.07
2024-08-21,Bhubaneswar,1.2,0,0.01
2024-07-20,Surat,5.9,0,0.06
2024-08-19,Indore,10.8,0,0.11
2024-06-02,Hyderabad,14.4,0,0.14
2024-10-02,Pune,2.6,0,0.03
2024-09-02,Nagpur,4.1,0,0.04
2024-07-27,Chennai,10.6,0,0.11
2024-09-18,Indore,92.5,1,0.93
2024-06-03,Chennai,8.5,0,0.09
2024-07-10,Kolkata,8.7,0,0.09
2024-06-28,Mumbai,28.9,0,0.29
2024-10-19,Vadodara,7.0,0,0.07
2024-09-25,Kolkata,18.9,0,0.19
2024-08-26,Coimbatore,2.7,0,0.03
2024-07-22,Ahmedabad,10.3,0,0.1
2024-09-26,Hyderabad,12.5,0,0.12
2024-08-12,Chennai,18.7,0,0.19
2024-08-01,Nagpur,15.9,0,0.16
2024-07-10,Hyderabad,11.3,0,0.11
2024-08-12,Indore,13.6,0,0.14
2024-06-22,Bhubaneswar,1.9,0,0.02
2024-07-03,Kolkata,23.5,0,0.23
2024-08-12,Nagpur,20.3,0,0.2
2024-06-23,Bhubaneswar,24.8,0,0.25
2024-09-14,Mumbai,29.0,0,0.29
2024-09-14,Vadodara,16.1,0,0.16
2024-09-10,Delhi,16.0,0,0.16
2024-06-12,Hyderabad,16.0,0,0.16
2024-07-27,Mumbai,15.6,0,0.16
2024-09-11,Bhubaneswar,28.0,0,0.28
2024-09-14,Chennai,1.6,0,0.02
2024-08-26,Delhi,21.1,0,0.21
2024-06-06,Surat,7.9,0,0.08
2024-07-08,Vadodara,30.0,0,0.3
2024-09-25,Coimbatore,22.3,0,0.22
2024-08-24,Delhi,1.9,0,0.02
2024-07-09,Delhi,1.7,0,0.02
2024-09-25,Vadodara,4.8,0,0.05
2024-06-14,Mumbai,12.3,0,0.12
2024-08-01,Pune,4.6,0,0.05
2024-11-09,Vadodara,27.0,0,0.27
2024-06-15,Nagpur,12.4,0,0.12
2024-09-25,Mumbai,20.2,0,0.2
2024-08-20,Jaipur,65.2,1,0.65
2024-06-02,Chennai,28.0,0,0.28
2024-08-31,Indore,1.0,0,0.01
2024-11-23,Jaipur,25.4,0,0.25
2024-10-19,Vadodara,1.8,0,0.02
2024-06-11,Nagpur,21.9,0,0.22
2024-10-27,Vadodara,9.8,0,0.1
2024-08-21,Indore,50.5,0,0.51
2024-06-20,Nagpur,8.7,0,0.09
2024-06-19,Ahmedabad,10.0,0,0.1
2024-06-22,Mumbai,7.6,0,0.08
2024-10-12,Jaipur,6.4,0,0.06
2024-09-07,Chennai,50.1,0,0.5
2024-11-24,Nagpur,4.5,0,0.04
2024-07-22,Kolkata,16.0,0,0.16
2024-07-17,Ahmedabad,25.6,0,0.26
2024-09-02,Bhubaneswar,20.2,0,0.2
2024-07-19,Ahmedabad,15.9,0,0.16
2024-07-29,Kolkata,5.5,0,0.06
2024-11-26,Ahmedabad,5.0,0,0.05
2024-06-05,Bhubaneswar,19.2,0,0.19
2024-09-03,Pune,20.0,0,0.2
2024-10-14,Coimbatore,8.7,0,0.09
2024-10-28,Coimbatore,9.8,0,0.1
2024-08-21,Jaipur,69.9,1,0.7
2024-09-16,Chennai,10.1,0,0.1
2024-09-30,Delhi,76.0,1,0.76
2024-06-15,Hyderabad,62.0,1,0.62
2024-10-27,Nagpur,21.1,0,0.21
2024-07-19,Coimbatore,8.5,0,0.09
2024-06-28,Mumbai,1.5,0,0.01
2024-10-14,Jaipur,4.1,0,0.04
2024-06-09,Bhubaneswar,33.3,0,0.33
2024-08-09,Mumbai,20.3,0,0.2
2024-09-10,Mumbai,22.5,0,0.23
2024-08-07,Pune,31.0,0,0.31
2024-10-14,Vadodara,9.1,0,0.09
2024-08-25,Ahmedabad,29.2,0,0.29
2024-11-23,Pune,3.7,0,0.04
2024-06-29,Delhi,18.7,0,0.19
2024-06-07,Kolkata,73.0,1,0.73
